creator,coach,group,joined,removed_on,rule,diamonds_at_removal,live_days_at_removal,sept_diamonds,sept_live_days,oct_diamonds,oct_live_days,oct_hours,total_since,quit_on
aggy200619,Sur3shot,Team Alpha,2026-08-15,2026-09-14,"2 — under 10 LIVE days",4630,4,4005,2,0,0,0.0,4005,2026-09-30
notskhyz,Sur3shot,Team Alpha,2026-08-05,2026-09-04,"2 — under 10 LIVE days",3533,8,3531,6,0,1,1.5,3531,
.nova.gaming,Sur3shot,Team Alpha,2026-08-23,2026-09-22,"2 — under 10 LIVE days",3083,1,3083,1,0,0,0.0,3083,
david.mitchell464,Sur3shot,Team Alpha,2026-08-18,2026-09-17,"2 — under 10 LIVE days",7872,9,882,2,869,0,0.7,1751,
_boosteddecay_,Cam,Team Indigo,2026-07-02,2026-09-30,"3 — under 10k in 90 days",3471,13,1366,11,0,0,0.0,1366,
mnk_d3mon,Cam,Team Indigo,2026-08-11,2026-09-10,"2 — under 10 LIVE days",412,6,227,5,0,0,0.0,227,
drdankbot69,Cam,Team Indigo,2026-08-14,2026-09-13,"2 — under 10 LIVE days",132,4,132,4,0,0,0.0,132,
forgemasteraj,Unc,TEAM GOLF,2026-08-12,2026-09-11,"2 — under 10 LIVE days",186,4,117,3,0,0,0.0,117,
william.broad,Sur3shot,Team Alpha,2026-08-04,2026-09-03,"2 — under 10 LIVE days",41,2,40,0,0,0,0.0,40,
yaraahittv,Bean,Team Charlie,2026-08-12,2026-09-11,"2 — under 10 LIVE days",27,6,23,4,0,0,0.8,23,
albagaming17,Cam,Team Indigo,2026-08-17,2026-09-16,"2 — under 10 LIVE days",893,6,9,2,0,0,0.0,9,
firreball.trucking,Bean,Team Charlie,2026-08-13,2026-09-12,"2 — under 10 LIVE days",7,5,7,5,0,0,0.0,7,2026-09-20
rdlwilliamm,Bean,Team Charlie,2026-08-04,2026-09-03,"2 — under 10 LIVE days",82,6,6,3,0,1,1.2,6,
rileytomtomo15,Sur3shot,Team Alpha,2026-08-13,2026-09-12,"2 — under 10 LIVE days",519,8,3,2,1,1,2.7,4,
eurekabeans,Bean,Team Charlie,2026-08-11,2026-09-10,"2 — under 10 LIVE days",62,9,3,6,0,0,0.5,3,
ayoife718,Bean,Team Charlie,2026-08-06,2026-09-05,"2 — under 10 LIVE days",7,5,0,2,2,0,0.3,2,
rhyshasspoken,Sur3shot,Team Alpha,2026-08-15,2026-09-14,"2 — under 10 LIVE days",300,1,1,0,0,0,0.0,1,
whateverx1,Muju,Team Bravo,2026-08-04,2026-09-03,"2 — under 10 LIVE days",1,4,1,2,0,0,0.0,1,
rdw05w,Sur3shot,Team Alpha,2026-07-02,2026-09-30,"3 — under 10k in 90 days",2898,20,0,0,0,0,0.0,0,
xmu5h,Sur3shot,Team Alpha,2026-07-01,2026-09-29,"3 — under 10k in 90 days",15,20,0,0,0,0,0.0,0,
itsmacylou,Slow,Not in a group,2026-08-31,2026-09-30,"2 — under 10 LIVE days",0,0,0,0,0,0,0.0,0,
jxshuk,Sur3shot,Team Alpha,2026-08-15,2026-09-14,"2 — under 10 LIVE days",4493,8,0,0,0,0,0.0,0,
xo_toxicc_xo,Cam,Team Indigo,2026-08-09,2026-09-08,"2 — under 10 LIVE days",2647,8,0,0,0,0,0.0,0,
blankfpsc,Bean,Team Charlie,2026-08-23,2026-09-22,"2 — under 10 LIVE days",1511,3,0,0,0,0,0.0,0,
agc_48,Sur3shot,Team Alpha,2026-08-11,2026-09-10,"2 — under 10 LIVE days",1076,2,0,0,0,0,0.0,0,2026-09-30
dooberrylive7,Sur3shot,Team Alpha,2026-08-12,2026-09-11,"2 — under 10 LIVE days",760,3,0,0,0,0,0.0,0,
2xraye,Sur3shot,Team Alpha,2026-08-08,2026-09-07,"2 — under 10 LIVE days",424,9,0,0,0,0,0.0,0,
lilsgamingontwitch,Sur3shot,Team Alpha,2026-08-03,2026-09-02,"2 — under 10 LIVE days",337,9,0,0,0,0,0.0,0,
wrenandrews0,Muju,Team Bravo,2026-08-05,2026-09-04,"2 — under 10 LIVE days",208,3,0,0,0,0,0.0,0,
turtontalks,Colesy,Team Delta,2026-08-17,2026-09-16,"2 — under 10 LIVE days",182,0,0,0,0,0,0.0,0,2026-09-30
flatearthergreg,Bean,Team Charlie,2026-08-06,2026-09-05,"2 — under 10 LIVE days",79,2,0,0,0,0,0.0,0,
jackisjack374,Cam,Team Indigo,2026-08-17,2026-09-16,"2 — under 10 LIVE days",63,4,0,0,0,0,0.0,0,
hectorplays67,Bean,Team Charlie,2026-08-12,2026-09-11,"2 — under 10 LIVE days",61,1,0,0,0,0,0.0,0,
ro96bo,Bean,Team Charlie,2026-08-19,2026-09-18,"2 — under 10 LIVE days",25,2,0,0,0,0,0.0,0,
archiefort3,Sur3shot,Team Alpha,2026-08-15,2026-09-14,"2 — under 10 LIVE days",22,2,0,0,0,0,0.0,0,
leovorp,Cam,Team Indigo,2026-08-12,2026-09-11,"2 — under 10 LIVE days",21,1,0,0,0,0,0.0,0,
antagonist0507,Bean,Team Charlie,2026-08-21,2026-09-20,"2 — under 10 LIVE days",12,6,0,2,0,0,0.0,0,
snazzyoak0,surgeagency.tt,Surge Agency,2026-08-20,2026-09-19,"2 — under 10 LIVE days",2,4,0,0,0,0,0.0,0,
hawkesonfivem,Bean,Team Charlie,2026-08-15,2026-09-14,"2 — under 10 LIVE days",1,0,0,0,0,0,0.0,0,
arronleeberesford6,Bean,Team Charlie,2026-08-10,2026-09-09,"2 — under 10 LIVE days",0,0,0,0,0,0,0.0,0,
gekkoh,Sur3shot,Team Alpha,2026-08-15,2026-09-14,"2 — under 10 LIVE days",0,0,0,0,0,0,0.0,0,
mua9920,Sur3shot,Team Alpha,2026-08-19,2026-09-18,"2 — under 10 LIVE days",0,4,0,2,0,0,0.0,0,
ethannf99,Muju,Team Bravo,2026-08-03,2026-09-02,"2 — under 10 LIVE days",0,4,0,2,0,0,0.0,0,
isax_editxss,Sur3shot,Team Alpha,2026-08-20,2026-09-19,"2 — under 10 LIVE days",0,0,0,0,0,0,0.0,0,
ck182190,Bean,Team Charlie,2026-08-04,2026-09-03,"2 — under 10 LIVE days",0,0,0,0,0,0,0.0,0,
zappdashtv,Sur3shot,Team Alpha,2026-08-05,2026-09-04,"2 — under 10 LIVE days",0,0,0,0,0,0,0.0,0,
steebomb3,Bean,Team Charlie,2026-08-06,2026-09-05,"2 — under 10 LIVE days",0,1,0,0,0,0,0.0,0,
rishad3687,Bean,Team Charlie,2026-08-15,2026-09-14,"2 — under 10 LIVE days",0,0,0,0,0,0,0.0,0,
stimlordttv,Bean,Team Charlie,2026-08-04,2026-09-03,"2 — under 10 LIVE days",0,1,0,1,0,0,0.0,0,2026-09-20
donkeybrix,Sur3shot,Team Alpha,2026-07-01,2026-09-29,"3 — under 10k in 90 days",0,0,0,0,0,0,0.0,0,2026-09-20
itz_nukezz,Bean,Team Charlie,2026-09-01,2026-09-08,"1 — no LIVE in 7 days",0,0,0,0,0,0,0.0,0,
koszma1,Cam,Team Indigo,2026-07-01,2026-09-29,"3 — under 10k in 90 days",0,0,0,0,0,0,0.0,0,2026-09-20
niki_uw,Bean,Team Charlie,2026-09-01,2026-09-08,"1 — no LIVE in 7 days",0,0,0,0,0,0,0.0,0,
leon.m72,Cam,Team Indigo,2026-09-04,2026-09-11,"1 — no LIVE in 7 days",0,0,0,0,0,0,0.0,0,
7even042,Unc,TEAM GOLF,2026-09-05,2026-09-12,"1 — no LIVE in 7 days",0,0,0,0,0,0,0.0,0,2026-09-20
mayhemgamez,Cam,Team Indigo,2026-09-11,2026-09-18,"1 — no LIVE in 7 days",0,0,0,0,0,0,0.0,0,
evidentlynova,Unc,TEAM GOLF,2026-09-18,2026-09-25,"1 — no LIVE in 7 days",0,0,0,0,0,0,0.0,0,2026-09-22
